flightId,takeoffdate,originICAO,destinationICAO,Registration,eventId,eventDate,eventName,severity,isInvalid,isopen,LastModifiedBy,ModificationDate
1001,10/01/2026 09:30:00,SKBO,SKRG,n123av,9001,10/01/2026 10:00:00,1001 - HARD LANDING,3,False,True,,
1001,10/01/2026 09:30:00,SKBO,SKRG,n123av,9002,10/01/2026 10:05:00,2002 - SPEED HIGH, BELOW 1000 FT,3,False,True,,
1002,01/15/2026 07:00:00,SKCL,SKBO,N456AV,9003,01/15/2026 08:00:00,3003 - GPWS WARNING,3,False,True,,
1003,09/20/2026 05:00:00,SKBO,MMMX,N789AV,9004,09/20/2026 06:00:00,1001 - HARD LANDING,3,False,False,Ana.Perez@example.com,10/05/2026 14:00:00
1003,09/20/2026 05:00:00,SKBO,MMMX,N789AV,9005,09/25/2026 06:00:00,3003 - GPWS WARNING,3,True,False,ana.perez@example.com,10/06/2026 09:30:00
1005,08/01/2026 05:00:00,SKBO,KMIA,N111AV,9006,08/01/2026 06:00:00,1001 - HARD LANDING,3,False,False,luis.gomez@example.com,09/01/2026 10:00:00
1005,08/01/2026 05:00:00,SKBO,KMIA,N111AV,9007,09/30/2026 06:00:00,1001 - HARD LANDING,3,True,False,SARA,10/07/2026 06:00:00
1005,08/01/2026 05:00:00,SKBO,KMIA,N111AV,9008,09/30/2026 06:00:00,1001 - HARD LANDING,3,False,False,otra.persona@example.com,10/07/2026 06:00:00
1005,08/01/2026 05:00:00,SKBO,KMIA,N111AV,9012,10/02/2026 06:00:00,1001 - HARD LANDING,3,False,False,ana.perez@example.com,
1005,08/01/2026 05:00:00,SKBO,KMIA,N111AV,9013,09/30/2026 05:00:00,1001 - HARD LANDING,3,False,False,ana.perez@example.com,
1004,10/02/2026 11:00:00,SKMD,SKBO,N222AV,9009,,4004 - TCAS RA,3,False,True,,
1006,10/03/2026 11:00:00,SKMD,SKBO,N333AV,9011,10/03/2026 12:00:00,4004 - TCAS RA,3,False,quizas,,
1001,10/01/2026 09:30:00,SKBO,SKRG,n123av,9001,10/01/2026 10:00:00,1001 - HARD LANDING,3,False,True,,
1001,10/01/2026 09:30:00,SKBO,SKRG,n123av,9010,10/01/2026 09:59:00,1001 - HARD LANDING,3,False,True,luis.gomez@example.com,
